teta0,teat1
8499.599552,-0.021449
