teta0,teat1
8499.599650,-0.021449
